<?xml version='1.0' encoding='UTF-8' ?>
<timeLogEntries>
  <time id="1" path="/ControlBankSystem/PSP0/Planning" start="@1600557145483" delta="33" interrupt="3" />
  <time id="2" path="/ControlBankSystem/PSP0/Planning" start="@1600559920254" delta="4" />
  <time id="3" path="/ControlBankSystem/PSP0/Planning" start="@1600562799852" delta="19" />
  <time id="4" path="/ControlBankSystem/PSP0/Planning" start="@1600719285400" delta="6" />
  <time id="5" path="/ControlBankSystem/PSP0/Design" start="@1600719680221" delta="57" interrupt="4" />
  <time id="6" path="/ControlBankSystem/PSP0/Code" start="@1600996735779" delta="7" />
  <time id="7" path="/ControlBankSystem/PSP0/Code" start="@1601184134179" delta="34" />
  <time id="8" path="/ControlBankSystem/PSP0/Code" start="@1601327018000" delta="90" />
  <time id="9" path="/ControlBankSystem/PSP0/Code" start="@1601445686739" delta="207" interrupt="6" />
</timeLogEntries>
