<?xml version='1.0' encoding='UTF-8' ?>
<timeLogEntries>
  <time path="/Non Project/new&#10;/Non Project/ControlBankSystem" flag="R" />
  <time id="2" start="@1600644141000" flag="M" />
  <time id="1" start="@1600641686000" flag="M" />
  <time id="5" flag="D" />
  <time id="4" flag="D" />
  <time id="3" flag="D" />
  <time id="6" path="/Non Project/ControlBankSystem/PSP0/Planning" start="@1600663313000" delta="90" flag="A" />
  <time id="7" path="/Non Project/ControlBankSystem/PSP0/Design" start="@1600735355000" delta="65" flag="A" />
  <time id="8" path="/Non Project/ControlBankSystem/PSP0/Code" start="@1601095386000" delta="311" flag="A" />
  <time id="9" path="/Non Project/ControlBankSystem/PSP0/Code" start="@1601160211000" delta="323" flag="A" />
  <time id="10" path="/Non Project/ControlBankSystem/PSP0/Code" start="@1601257466000" delta="373" flag="A" />
</timeLogEntries>
